SELECT id_solicitud,fecha_solicitud,numero_solicitud,estado_solicitud,justificacion,id_solicitante,id_autoriza,fecha_autoriza,id_vb,fecha_vb,p01,p02,p03,p04,fecha_modificacion,modificacion,ip_terminal
  FROM solicitud;

SELECT * FROM CAT_TIEMPO ;

SELECT * FROM CAT_SERVRESP  ;

delete from CAT_SERVRESP  ;

SELECT * FROM CAT_SERVCOB;

delete FROM CAT_SERVCOB;

SELECT * FROM SOLICITUD   ;

SELECT * FROM SOLICITUD_DETALLE    ;

SELECT * FROM SOLICITUD_ARCHIVOADJUNTO  ;

SELECT * FROM CAT_SERV   ;

delete FROM CAT_SERV   ;

SELECT * FROM cat_serv_hist;

delete FROM cat_serv_hist;

SELECT * FROM CAT_SERVSUB ;

delete FROM CAT_SERVSUB ;

SELECT * FROM CAT_SERVCAT;

delete FROM CAT_SERVCAT;

SELECT * FROM CAT_PROGRAMA;

delete FROM CAT_PROGRAMA;

INSERT INTO CAT_SERVRESP(ID_SERVRESP, DESCRIPCION) VALUES
(1, 'DGAIT'),
(2, 'MS'),
(3, 'WM'),
(4, 'PROV'),
(5, 'Subdireccion'),
(6, 'Direccion/ Subdireccion'),
(7, 'DGAIT/PROV'),
(8, 'MS/DGDST/DGAIT'),
(9, 'STIC'),
(10, 'Jefe de Servicio o Superior'),
(11, 'Subdireccion'),
(12, 'Dirección/ Subdireccion')),
(13, 'MS/PROV');


select * from CAT_SERVRESP;

INSERT INTO CAT_SERVRESP(ID_SERVRESP, DESCRIPCION) VALUES
(8, 'MS/DGDST/DGAIT');
INSERT INTO CAT_SERVRESP(ID_SERVRESP, DESCRIPCION) VALUES
(9, 'STIC');
INSERT INTO CAT_SERVRESP(ID_SERVRESP, DESCRIPCION) VALUES
(10, 'Jefe de Servicio o Superior');
INSERT INTO CAT_SERVRESP(ID_SERVRESP, DESCRIPCION) VALUES
(11, 'Subdireccion');
INSERT INTO CAT_SERVRESP(ID_SERVRESP, DESCRIPCION) VALUES
(12, 'Dirección/ Subdireccion');
INSERT INTO CAT_SERVRESP(ID_SERVRESP, DESCRIPCION) VALUES
(13, 'MS/PROV');


INSERT INTO CAT_SERVCOB(ID_SERVCOB, DESCRIPCION) VALUES
(1, 'TODAS LAS AREAS');
INSERT INTO CAT_SERVCOB(ID_SERVCOB, DESCRIPCION) VALUES
(2, 'HOSPITALIZACION');
INSERT INTO CAT_SERVCOB(ID_SERVCOB, DESCRIPCION) VALUES
(3, 'ADMINISTRATIVAS');
INSERT INTO CAT_SERVCOB(ID_SERVCOB, DESCRIPCION) VALUES
(4, 'SUSTANTIVAS');
INSERT INTO CAT_SERVCOB(ID_SERVCOB, DESCRIPCION) VALUES
(5, 'TODAS LAS AREAS QUE CUENTEN CON IMPRESORA ARRENDADA');
INSERT INTO CAT_SERVCOB(ID_SERVCOB, DESCRIPCION) VALUES
(6, 'STIC');
INSERT INTO CAT_SERVCOB(ID_SERVCOB, DESCRIPCION) VALUES
(7, 'SUBDIRECCIÓN DE RH');
INSERT INTO CAT_SERVCOB(ID_SERVCOB, DESCRIPCION) VALUES
(8, 'SUSTANTIVAS');

select * from CAT_SERVCOB;


INSERT INTO CAT_SERVCAT(ID_SERVCAT, CATEGORIA, DESCRIPCION, DISPONIBILIDAD, ESTADO, ID_SERVCOB, ID_SERVRESP, VALORACION) VALUES
(1, 'Voceo General', 'Reparación de bocinas y  control de volumen así como Comunicados mediante el sistema de voceo general', 90, 'A', 1, 1, 2);
INSERT INTO CAT_SERVCAT(ID_SERVCAT, CATEGORIA, DESCRIPCION, DISPONIBILIDAD, ESTADO, ID_SERVCOB, ID_SERVRESP, VALORACION) VALUES
(2, 'Computo de usuario final', 'Asesoría en el uso y operación de computadoras, impresoras, video proyectores, UPS''s y periféricos, así como la reparación de fallas físicas o lógicas, además de Asignación, Reubicación,  Reasignación o baja de equipos', 90, 'A', 1, 1, 1);
INSERT INTO CAT_SERVCAT(ID_SERVCAT, CATEGORIA, DESCRIPCION, DISPONIBILIDAD, ESTADO, ID_SERVCOB, ID_SERVRESP, VALORACION) VALUES
(3, 'Equipo de comunicaciones y Seguridad', 'Atención de fallas en la operación en los equipos de comunicaciones y seguridad, así como Asignación de antena para red inalámbrica', 90, 'A', 1, 1, 1);
INSERT INTO CAT_SERVCAT(ID_SERVCAT, CATEGORIA, DESCRIPCION, DISPONIBILIDAD, ESTADO, ID_SERVCOB, ID_SERVRESP, VALORACION) VALUES
(4, 'Voceo general', 'Reparación de bocinas y  control de volumen así como Comunicados mediante el sistema de voceo general', 90, 'A', 1, 1, 2);
INSERT INTO CAT_SERVCAT(ID_SERVCAT, CATEGORIA, DESCRIPCION, DISPONIBILIDAD, ESTADO, ID_SERVCOB, ID_SERVRESP, VALORACION) VALUES
(5, 'voceo general', 'Reparación de bocinas y  control de volumen así como Comunicados mediante el sistema de voceo general', 90, 'A', 1, 1, 2);

select * from CAT_SERVCAT;

INSERT INTO CAT_SERVSUB(ID_SERVSUB, DESCRIPCION, ID_SERVCAT) VALUES
(1, 'Bocinas', 1);
INSERT INTO CAT_SERVSUB(ID_SERVSUB, DESCRIPCION, ID_SERVCAT) VALUES
(2, 'CPU', 2);
INSERT INTO CAT_SERVSUB(ID_SERVSUB, DESCRIPCION, ID_SERVCAT) VALUES
(3, 'Monitor', 2);
INSERT INTO CAT_SERVSUB(ID_SERVSUB, DESCRIPCION, ID_SERVCAT) VALUES
(4, 'Mouse', 2);
INSERT INTO CAT_SERVSUB(ID_SERVSUB, DESCRIPCION, ID_SERVCAT) VALUES
(5, 'Teclado', 2);
INSERT INTO CAT_SERVSUB(ID_SERVSUB, DESCRIPCION, ID_SERVCAT) VALUES
(6, 'Impresora', 2);
INSERT INTO CAT_SERVSUB(ID_SERVSUB, DESCRIPCION, ID_SERVCAT) VALUES
(7, 'Laptop', 2);
INSERT INTO CAT_SERVSUB(ID_SERVSUB, DESCRIPCION, ID_SERVCAT) VALUES
(8, 'Scanner', 2);
INSERT INTO CAT_SERVSUB(ID_SERVSUB, DESCRIPCION, ID_SERVCAT) VALUES
(9, 'Videoproyector', 2);
INSERT INTO CAT_SERVSUB(ID_SERVSUB, DESCRIPCION, ID_SERVCAT) VALUES
(10, 'Periféricos (lectores de barras)', 2);
INSERT INTO CAT_SERVSUB(ID_SERVSUB, DESCRIPCION, ID_SERVCAT) VALUES
(11, 'Regulador', 2);
INSERT INTO CAT_SERVSUB(ID_SERVSUB, DESCRIPCION, ID_SERVCAT) VALUES
(12, 'UPS/No-break', 2);
INSERT INTO CAT_SERVSUB(ID_SERVSUB, DESCRIPCION, ID_SERVCAT) VALUES
(13, 'Informix', 3);
INSERT INTO CAT_SERVSUB(ID_SERVSUB, DESCRIPCION, ID_SERVCAT) VALUES
(14, 'CONTINUUM', 3);
INSERT INTO CAT_SERVSUB(ID_SERVSUB, DESCRIPCION, ID_SERVCAT) VALUES
(15, 'Antivirus', 3);
INSERT INTO CAT_SERVSUB(ID_SERVSUB, DESCRIPCION, ID_SERVCAT) VALUES
(16, 'Tarificador', 3);
INSERT INTO CAT_SERVSUB(ID_SERVSUB, DESCRIPCION, ID_SERVCAT) VALUES
(17, ' Conmutador', 3);
INSERT INTO CAT_SERVSUB(ID_SERVSUB, DESCRIPCION, ID_SERVCAT) VALUES
(18, 'Conmutador', 3);

select * from CAT_SERVSUB;

update CAT_SERVSUB set estado = 'A';


INSERT INTO CAT_SERV(ID_SERV, MODIFICACION, ID_SERVRESPAUTORIZA, DESCRIPCION, ESTADO_SERV, ID_USUARIO, IMPACTO, INCIDENTE, IP_TERMINAL, FECHA_MODIFICACION, OBSERVACIONES, PLANTILLA, PORTAL, PROBLEMA, ID_SERVRESPAPRUEBA, ID_SERVRESP1, ID_SERVRESP2, ID_SERVRESP3, ID_SERVSUB, SOLICITUD, TIEMPO1, TIEMPO2, TIEMPO3, ID_TIEMPO1, ID_TIEMPO2, ID_TIEMPO3) VALUES
(1, 0, NULL, 'El sonido tiene el volumen muy alto', 'A', 3, 3, 't', '192.168.16.59', '2015-08-30 21:01:14.058', NULL, 'plantilla general', 't', NULL, NULL, 2, 1, 1, 1, NULL, 30, 60, 1, 1, 1, 3);

INSERT INTO CAT_SERV(ID_SERV, MODIFICACION, ID_SERVRESPAUTORIZA, DESCRIPCION, ESTADO_SERV, ID_USUARIO, IMPACTO, INCIDENTE, IP_TERMINAL, FECHA_MODIFICACION, OBSERVACIONES, PLANTILLA, PORTAL, PROBLEMA, ID_SERVRESPAPRUEBA, ID_SERVRESP1, ID_SERVRESP2, ID_SERVRESP3, ID_SERVSUB, SOLICITUD, TIEMPO1, TIEMPO2, TIEMPO3, ID_TIEMPO1, ID_TIEMPO2, ID_TIEMPO3) VALUES
(1, 0, NULL, 'El sonido tiene el volumen muy alto', 'A', 3, 3, 't', '192.168.16.59', to_date('30/08/2015 21:01:14',"%d/%m/%Y %H:%M:%S"), NULL, 'plantilla general', 't', NULL, NULL, 2, 1, 1, 1, NULL, 30, 60, 1, 1, 1, 3);

to_date('30/08/2015 21:01:14.058',"%d/%m/%Y %H:%M:%S.%F3") 
to_date('30/08/2015 21:01:14.058',"%Y/%m/%d %H:%M") 
DATETIME(2015-08-30 21:01:14.058) YEAR TO SECOND
DATETIME(1066-10-14 15:23:31) YEAR TO SECOND


INSERT INTO CAT_SERV(ID_SERV, MODIFICACION, ID_SERVRESPAUTORIZA, DESCRIPCION, ESTADO_SERV, ID_USUARIO, IMPACTO, INCIDENTE, IP_TERMINAL, FECHA_MODIFICACION, OBSERVACIONES, PLANTILLA, PORTAL, PROBLEMA, ID_SERVRESPAPRUEBA, ID_SERVRESP1, ID_SERVRESP2, ID_SERVRESP3, ID_SERVSUB, SOLICITUD, TIEMPO1, TIEMPO2, TIEMPO3, ID_TIEMPO1, ID_TIEMPO2, ID_TIEMPO3) VALUES
(2, 1, NULL, 'Compartir archivos y carpetas', 'A', 9583, 3, 't', '192.168.13.1', to_date('2015-09-07 17:23',"%Y/%m/%d %H:%M"), NULL, 'No.de Inventario  del equipo a compartir: (validar con base de datos de activo fijo) No. de Inventario del(los ) equipo(s) a donde se desea compartir los archivos: (validar con base de datos de activo fijo)', 't', 'f', NULL, 2, 13, NULL, 2, 'f', 15, 60, NULL, 1, 1, 1);

INSERT INTO CAT_SERV(ID_SERV, MODIFICACION, ID_SERVRESPAUTORIZA, DESCRIPCION, ESTADO_SERV, ID_USUARIO, IMPACTO, INCIDENTE, IP_TERMINAL, OBSERVACIONES, PLANTILLA, PORTAL, PROBLEMA, ID_SERVRESPAPRUEBA, ID_SERVRESP1, ID_SERVRESP2, ID_SERVRESP3, ID_SERVSUB, SOLICITUD, TIEMPO1, TIEMPO2, TIEMPO3, ID_TIEMPO1, ID_TIEMPO2, ID_TIEMPO3) VALUES
(2, 1, NULL, 'Compartir archivos y carpetas', 'A', 9583, 3, 't', '192.168.13.1', NULL, 'No.de Inventario  del equipo a compartir: (validar con base de datos de activo fijo) No. de Inventario del(los ) equipo(s) a donde se desea compartir los archivos: (validar con base de datos de activo fijo)', 't', 'f', NULL, 2, 13, NULL, 2, 'f', 15, 60, NULL, 1, 1, 1);

INSERT INTO CAT_SERV(ID_SERV, MODIFICACION, ID_SERVRESPAUTORIZA, DESCRIPCION, ESTADO_SERV, ID_USUARIO, IMPACTO, INCIDENTE, IP_TERMINAL, FECHA_MODIFICACION, OBSERVACIONES, PLANTILLA, PORTAL, PROBLEMA, ID_SERVRESPAPRUEBA, ID_SERVRESP1, ID_SERVRESP2, ID_SERVRESP3, ID_SERVSUB, SOLICITUD, TIEMPO1, TIEMPO2, TIEMPO3, ID_TIEMPO1, ID_TIEMPO2, ID_TIEMPO3) VALUES
(3, 0, NULL, 'Conectar/Desconectar por mantenimiento del área', 'A', 9583, 2, 't', '192.168.13.1', to_date('2015-09-07 17:26',"%Y-%m-%d %H:%M"), 'Este servicio se cerrara una vez que sea conectado el equipo.', NULL, 't', 'f', NULL, 2, 13, NULL, 2, 'f', 15, 60, NULL, 1, 1, 1);
INSERT INTO CAT_SERV(ID_SERV, MODIFICACION, ID_SERVRESPAUTORIZA, DESCRIPCION, ESTADO_SERV, ID_USUARIO, IMPACTO, INCIDENTE, IP_TERMINAL, FECHA_MODIFICACION, OBSERVACIONES, PLANTILLA, PORTAL, PROBLEMA, ID_SERVRESPAPRUEBA, ID_SERVRESP1, ID_SERVRESP2, ID_SERVRESP3, ID_SERVSUB, SOLICITUD, TIEMPO1, TIEMPO2, TIEMPO3, ID_TIEMPO1, ID_TIEMPO2, ID_TIEMPO3) VALUES
(4, 3, NULL, 'No enciende', 'A', 9583, 1, 't', '192.168.13.1', to_date('2015-09-07 17:33',"%Y-%m-%d %H:%M"), 'Los equipos de apoyo se proporcionaran de lunes a viernes en un horario de 9:00 a 18:00 hrs. de acuerdo a condiciones contractuales vigentes.', NULL, 't', 'f', NULL, 2, 13, 7, 2, 'f', 15, 60, 21600, 1, 1, 1);
INSERT INTO CAT_SERV(ID_SERV, MODIFICACION, ID_SERVRESPAUTORIZA, DESCRIPCION, ESTADO_SERV, ID_USUARIO, IMPACTO, INCIDENTE, IP_TERMINAL, FECHA_MODIFICACION, OBSERVACIONES, PLANTILLA, PORTAL, PROBLEMA, ID_SERVRESPAPRUEBA, ID_SERVRESP1, ID_SERVRESP2, ID_SERVRESP3, ID_SERVSUB, SOLICITUD, TIEMPO1, TIEMPO2, TIEMPO3, ID_TIEMPO1, ID_TIEMPO2, ID_TIEMPO3) VALUES
(5, 0, NULL, 'Configuración', 'A', 9583, 1, 't', '192.168.13.1', to_date('2015-09-08 11:18',"%Y-%m-%d %H:%M"), NULL, 'IP: \r\nDirección MAC: \r\nVersión de la aplicación: ', 'f', 'f', NULL, 2, 1, 7, 13, 'f', 15, 120, 240, 1, 1, 1);


SELECT * FROM CAT_SERV   ;

delete FROM CAT_SERV   ;

select * FROM CAT_SERV where id_serv = 2  ;

update CAT_SERV set FECHA_MODIFICACION = to_date('2015-09-07 17:23',"%Y-%m-%d %H:%M"	), PLANTILLA = 'No.de Inventario  del equipo a compartir: (validar con base de datos de activo fijo)\r\nNo. de Inventario del(los ) equipo(s) a donde se desea compartir los archivos: (validar con base de datos de activo fijo)' where id_serv = 2  ;


SELECT id_serv, id_ FROM CAT_SERV   ;


SELECT * FROM incidente;
